product_id,product_name,category,brand,price_eur,cost_eur,weight_kg,is_available,created_date,product_key,margin_eur,margin_pct,price_tier
P00001,EcoHome Maus,Elektronik,EcoHome,375.19,170.32,13.73,True,2023-03-24,1,204.87,54.6,Luxury
P00002,DeskMaster Maus,Elektronik,DeskMaster,470.58,240.26,0.9,True,2023-01-22,2,230.32,48.9,Luxury
P00003,TechPro Kopfhörer,Elektronik,TechPro,464.99,232.4,7.6,False,2023-09-03,3,232.59,50.0,Luxury
P00004,StyleWorks Tastatur,Elektronik,StyleWorks,63.89,30.54,2.74,False,2023-01-08,4,33.35,52.2,Mid-Range
P00005,FitLife Kopfhörer,Elektronik,FitLife,20.85,8.55,10.56,True,2023-07-23,5,12.3,59.0,Budget
P00006,SmartGear Smartphone,Elektronik,SmartGear,146.07,80.54,14.64,True,2023-09-13,6,65.53,44.9,Premium
P00007,UrbanWear Laptop,Elektronik,UrbanWear,182.22,121.74,4.44,True,2023-01-08,7,60.48,33.2,Premium
P00008,TechPro Tastatur,Elektronik,TechPro,83.27,38.93,8.42,True,2023-07-06,8,44.34,53.2,Mid-Range
P00009,FitLife Tastatur,Elektronik,FitLife,193.38,78.83,9.68,True,2023-03-18,9,114.55,59.2,Premium
P00010,SportMax Kopfhörer,Elektronik,SportMax,453.33,237.07,7.92,True,2023-04-19,10,216.26,47.7,Luxury
P00011,SmartGear Tastatur,Elektronik,SmartGear,270.48,133.89,3.95,False,2023-11-05,11,136.59,50.5,Luxury
P00012,FitLife Tablet,Elektronik,FitLife,355.85,190.68,3.72,True,2023-01-20,12,165.17,46.4,Luxury
P00013,SportMax Tablet,Elektronik,SportMax,448.62,305.46,12.13,True,2023-01-14,13,143.16,31.9,Luxury
P00014,SmartGear Kopfhörer,Elektronik,SmartGear,77.57,43.2,9.53,True,2024-03-06,14,34.37,44.3,Mid-Range
P00015,HomePlus Laptop,Elektronik,HomePlus,300.39,170.35,9.87,True,2023-05-22,15,130.04,43.3,Luxury
P00016,SmartGear Tastatur,Elektronik,SmartGear,362.34,190.24,11.38,True,2023-10-23,16,172.1,47.5,Luxury
P00017,OfficeLine Maus,Elektronik,OfficeLine,183.79,100.36,14.68,True,2023-07-10,17,83.43,45.4,Premium
P00018,TechPro Tablet,Elektronik,TechPro,161.76,77.75,8.03,True,2023-11-24,18,84.01,51.9,Premium
P00019,EcoHome Monitor,Elektronik,EcoHome,178.81,109.24,3.42,True,2023-04-15,19,69.57,38.9,Premium
P00020,SportMax Smartphone,Elektronik,SportMax,322.16,173.56,8.39,True,2023-01-15,20,148.6,46.1,Luxury
P00021,DeskMaster Smartphone,Elektronik,DeskMaster,60.71,27.41,1.63,True,2024-02-20,21,33.3,54.9,Mid-Range
P00022,FitLife Monitor,Elektronik,FitLife,20.11,14.02,10.28,True,2023-12-29,22,6.09,30.3,Budget
P00023,FitLife Maus,Elektronik,FitLife,421.11,170.41,9.72,True,2023-07-29,23,250.7,59.5,Luxury
P00024,EcoHome Laptop,Elektronik,EcoHome,238.26,98.12,0.32,True,2023-03-25,24,140.14,58.8,Premium
P00025,FitLife Tastatur,Elektronik,FitLife,46.62,22.95,4.39,True,2023-07-16,25,23.67,50.8,Mid-Range
P00026,OfficeLine Kopfhörer,Elektronik,OfficeLine,393.21,249.76,7.84,True,2023-07-15,26,143.45,36.5,Luxury
P00027,HomePlus Monitor,Elektronik,HomePlus,101.05,54.9,7.47,True,2023-01-28,27,46.15,45.7,Premium
P00028,SmartGear Monitor,Elektronik,SmartGear,127.42,85.42,12.53,True,2024-05-01,28,42.0,33.0,Premium
P00029,SportMax Tablet,Elektronik,SportMax,204.96,138.27,1.97,True,2024-01-20,29,66.69,32.5,Premium
P00030,FitLife Tablet,Elektronik,FitLife,236.95,131.67,2.18,True,2023-07-17,30,105.28,44.4,Premium
P00031,StyleWorks Mixer,Haushalt,StyleWorks,277.94,168.68,7.09,True,2024-03-25,31,109.26,39.3,Luxury
P00032,EcoHome Mixer,Haushalt,EcoHome,276.21,131.24,13.38,True,2023-10-18,32,144.97,52.5,Luxury
P00033,OfficeLine Mixer,Haushalt,OfficeLine,21.51,11.33,2.9,False,2023-03-06,33,10.18,47.3,Budget
P00034,HomePlus Toaster,Haushalt,HomePlus,445.99,208.76,13.95,True,2023-03-26,34,237.23,53.2,Luxury
P00035,SportMax Mixer,Haushalt,SportMax,133.75,82.25,9.01,True,2023-02-20,35,51.5,38.5,Premium
P00036,StyleWorks Kaffeemaschine,Haushalt,StyleWorks,481.56,297.06,9.7,True,2023-09-10,36,184.5,38.3,Luxury
P00037,OfficeLine Wasserkocher,Haushalt,OfficeLine,488.35,243.87,1.87,True,2023-03-18,37,244.48,50.1,Luxury
P00038,SmartGear Wasserkocher,Haushalt,SmartGear,258.62,116.35,10.61,True,2023-04-16,38,142.27,55.0,Luxury
P00039,StyleWorks Mixer,Haushalt,StyleWorks,483.04,230.95,0.38,True,2023-08-21,39,252.09,52.2,Luxury
P00040,HomePlus Staubsauger,Haushalt,HomePlus,108.96,52.14,7.74,True,2023-10-10,40,56.82,52.1,Premium
P00041,SportMax Mixer,Haushalt,SportMax,402.8,231.28,11.62,True,2023-03-06,41,171.52,42.6,Luxury
P00042,EcoHome Staubsauger,Haushalt,EcoHome,279.86,129.91,7.19,True,2023-09-19,42,149.95,53.6,Luxury
P00043,DeskMaster Staubsauger,Haushalt,DeskMaster,92.64,58.93,14.76,False,2024-05-12,43,33.71,36.4,Mid-Range
P00044,TechPro Wasserkocher,Haushalt,TechPro,464.18,296.1,13.84,True,2023-09-04,44,168.08,36.2,Luxury
P00045,EcoHome Mixer,Haushalt,EcoHome,55.74,33.69,10.23,True,2023-11-17,45,22.05,39.6,Mid-Range
P00046,SmartGear Mixer,Haushalt,SmartGear,57.89,39.73,13.83,True,2024-01-31,46,18.16,31.4,Mid-Range
P00047,UrbanWear Toaster,Haushalt,UrbanWear,392.86,241.89,7.5,False,2024-04-19,47,150.97,38.4,Luxury
P00048,TechPro Toaster,Haushalt,TechPro,417.64,212.22,6.51,True,2023-12-01,48,205.42,49.2,Luxury
P00049,UrbanWear Staubsauger,Haushalt,UrbanWear,417.03,180.45,1.71,True,2023-01-23,49,236.58,56.7,Luxury
P00050,SmartGear Toaster,Haushalt,SmartGear,43.78,26.15,13.26,True,2024-03-25,50,17.63,40.3,Mid-Range
P00051,SportMax Wasserkocher,Haushalt,SportMax,394.52,222.21,2.4,True,2023-09-28,51,172.31,43.7,Luxury
P00052,FitLife Mixer,Haushalt,FitLife,150.44,76.79,1.26,True,2023-10-24,52,73.65,49.0,Premium
P00053,SportMax Kaffeemaschine,Haushalt,SportMax,129.31,86.96,4.71,True,2023-01-09,53,42.35,32.8,Premium
P00054,StyleWorks Staubsauger,Haushalt,StyleWorks,108.51,56.08,14.11,True,2024-03-31,54,52.43,48.3,Premium
P00055,StyleWorks Toaster,Haushalt,StyleWorks,357.21,163.33,8.34,True,2023-03-19,55,193.88,54.3,Luxury
P00056,SmartGear Staubsauger,Haushalt,SmartGear,111.87,52.88,6.27,True,2024-04-07,56,58.99,52.7,Premium
P00057,StyleWorks Toaster,Haushalt,StyleWorks,155.69,90.93,5.37,True,2023-12-05,57,64.76,41.6,Premium
P00058,DeskMaster Toaster,Haushalt,DeskMaster,136.28,71.56,5.32,True,2024-02-26,58,64.72,47.5,Premium
P00059,DeskMaster Kaffeemaschine,Haushalt,DeskMaster,83.9,51.3,13.59,True,2023-12-10,59,32.6,38.9,Mid-Range
P00060,FitLife Kaffeemaschine,Haushalt,FitLife,267.68,146.23,8.72,True,2024-01-14,60,121.45,45.4,Luxury
P00061,DeskMaster Laufschuhe,Sport,DeskMaster,50.09,31.85,5.72,True,2024-03-27,61,18.24,36.4,Mid-Range
P00062,EcoHome Yogamatte,Sport,EcoHome,392.06,201.88,5.02,True,2023-01-28,62,190.18,48.5,Luxury
P00063,SmartGear Hanteln,Sport,SmartGear,406.92,177.97,14.56,True,2024-01-18,63,228.95,56.3,Luxury
P00064,SportMax Hanteln,Sport,SportMax,301.88,178.08,0.89,True,2023-04-25,64,123.8,41.0,Luxury
P00065,HomePlus Hanteln,Sport,HomePlus,397.46,243.41,3.89,True,2023-01-21,65,154.05,38.8,Luxury
P00066,StyleWorks Yogamatte,Sport,StyleWorks,488.17,322.43,13.41,True,2023-07-20,66,165.74,34.0,Luxury
P00067,HomePlus Fitnesstracker,Sport,HomePlus,243.21,166.52,12.73,True,2023-09-06,67,76.69,31.5,Premium
P00068,SmartGear Laufschuhe,Sport,SmartGear,150.18,67.23,3.02,True,2023-12-17,68,82.95,55.2,Premium
P00069,EcoHome Fahrrad,Sport,EcoHome,290.4,119.82,2.73,True,2024-05-01,69,170.58,58.7,Luxury
P00070,TechPro Hanteln,Sport,TechPro,155.0,105.62,12.4,True,2023-06-03,70,49.38,31.9,Premium
P00071,SmartGear Hanteln,Sport,SmartGear,105.89,56.6,9.06,True,2024-05-03,71,49.29,46.5,Premium
P00072,OfficeLine Fitnesstracker,Sport,OfficeLine,377.16,246.69,5.71,True,2023-05-03,72,130.47,34.6,Luxury
P00073,DeskMaster Fitnesstracker,Sport,DeskMaster,340.12,237.06,9.93,True,2024-03-18,73,103.06,30.3,Luxury
P00074,OfficeLine Fahrrad,Sport,OfficeLine,182.05,110.71,11.42,True,2023-12-20,74,71.34,39.2,Premium
P00075,EcoHome Yogamatte,Sport,EcoHome,206.22,124.37,7.19,True,2023-05-26,75,81.85,39.7,Premium
P00076,EcoHome Hanteln,Sport,EcoHome,152.77,101.46,4.98,True,2024-05-08,76,51.31,33.6,Premium
P00077,SmartGear Fitnesstracker,Sport,SmartGear,194.61,79.02,7.91,True,2023-05-22,77,115.59,59.4,Premium
P00078,DeskMaster Fitnesstracker,Sport,DeskMaster,23.15,12.87,10.47,True,2023-08-20,78,10.28,44.4,Budget
P00079,EcoHome Laufschuhe,Sport,EcoHome,40.26,21.37,9.38,True,2023-07-04,79,18.89,46.9,Mid-Range
P00080,SportMax Yogamatte,Sport,SportMax,238.96,160.84,4.97,True,2024-03-07,80,78.12,32.7,Premium
P00081,DeskMaster Hanteln,Sport,DeskMaster,136.98,83.34,11.57,True,2023-04-04,81,53.64,39.2,Premium
P00082,FitLife Laufschuhe,Sport,FitLife,19.83,13.51,9.45,True,2023-10-25,82,6.32,31.9,Budget
P00083,OfficeLine Yogamatte,Sport,OfficeLine,401.4,232.83,10.69,True,2023-09-13,83,168.57,42.0,Luxury
P00084,SmartGear Fahrrad,Sport,SmartGear,159.55,65.5,0.66,False,2023-02-26,84,94.05,58.9,Premium
P00085,EcoHome Laufschuhe,Sport,EcoHome,45.13,28.43,10.82,True,2024-01-08,85,16.7,37.0,Mid-Range
P00086,UrbanWear Laufschuhe,Sport,UrbanWear,96.06,58.55,11.73,True,2023-03-10,86,37.51,39.0,Mid-Range
P00087,SmartGear Laufschuhe,Sport,SmartGear,373.8,228.68,8.06,True,2023-02-07,87,145.12,38.8,Luxury
P00088,StyleWorks Hanteln,Sport,StyleWorks,215.19,135.41,8.78,True,2023-01-30,88,79.78,37.1,Premium
P00089,SmartGear Fitnesstracker,Sport,SmartGear,377.97,237.23,14.3,True,2023-04-22,89,140.74,37.2,Luxury
P00090,StyleWorks Hanteln,Sport,StyleWorks,175.36,74.89,8.48,True,2023-06-15,90,100.47,57.3,Premium
P00091,OfficeLine Aktenvernichter,Büro,OfficeLine,97.87,48.28,4.88,True,2024-02-09,91,49.59,50.7,Mid-Range
P00092,SmartGear Schreibtisch,Büro,SmartGear,117.46,60.45,8.2,True,2023-03-28,92,57.01,48.5,Premium
P00093,EcoHome Drucker,Büro,EcoHome,50.43,25.89,10.68,False,2023-08-11,93,24.54,48.7,Mid-Range
P00094,OfficeLine Bürostuhl,Büro,OfficeLine,19.28,8.81,14.12,True,2023-02-10,94,10.47,54.3,Budget
P00095,OfficeLine Schreibtisch,Büro,OfficeLine,427.39,226.61,13.93,True,2024-03-25,95,200.78,47.0,Luxury
P00096,SmartGear Bürostuhl,Büro,SmartGear,108.12,50.54,4.15,True,2023-08-08,96,57.58,53.3,Premium
P00097,SmartGear Aktenvernichter,Büro,SmartGear,414.51,216.77,14.86,True,2024-02-05,97,197.74,47.7,Luxury
P00098,StyleWorks Aktenvernichter,Büro,StyleWorks,171.04,72.27,13.45,True,2023-08-19,98,98.77,57.7,Premium
P00099,SportMax Aktenvernichter,Büro,SportMax,302.94,179.3,7.48,False,2023-08-02,99,123.64,40.8,Luxury
P00100,OfficeLine Aktenvernichter,Büro,OfficeLine,344.87,143.81,8.5,True,2024-01-28,100,201.06,58.3,Luxury
P00101,HomePlus Schreibtisch,Büro,HomePlus,210.82,97.47,9.77,True,2023-02-16,101,113.35,53.8,Premium
P00102,SportMax Whiteboard,Büro,SportMax,82.93,41.84,5.9,True,2023-08-04,102,41.09,49.5,Mid-Range
P00103,OfficeLine Aktenvernichter,Büro,OfficeLine,456.95,310.7,7.51,False,2023-03-31,103,146.25,32.0,Luxury
P00104,EcoHome Aktenvernichter,Büro,EcoHome,332.0,216.28,7.93,True,2023-07-29,104,115.72,34.9,Luxury
P00105,StyleWorks Whiteboard,Büro,StyleWorks,346.01,226.38,10.43,True,2023-10-14,105,119.63,34.6,Luxury
P00106,OfficeLine Schreibtisch,Büro,OfficeLine,143.79,82.18,13.43,True,2023-05-24,106,61.61,42.8,Premium
P00107,SmartGear Bürostuhl,Büro,SmartGear,50.97,34.02,12.73,True,2023-11-21,107,16.95,33.3,Mid-Range
P00108,HomePlus Drucker,Büro,HomePlus,190.71,94.51,13.43,True,2023-04-21,108,96.2,50.4,Premium
P00109,OfficeLine Aktenvernichter,Büro,OfficeLine,277.36,133.8,10.99,True,2024-01-13,109,143.56,51.8,Luxury
P00110,TechPro Bürostuhl,Büro,TechPro,442.79,236.15,8.88,True,2023-06-25,110,206.64,46.7,Luxury
P00111,FitLife Bürostuhl,Büro,FitLife,48.83,25.59,6.98,True,2024-04-16,111,23.24,47.6,Mid-Range
P00112,TechPro Whiteboard,Büro,TechPro,103.03,41.64,11.6,True,2023-03-25,112,61.39,59.6,Premium
P00113,EcoHome Aktenvernichter,Büro,EcoHome,476.1,275.82,0.32,True,2024-05-02,113,200.28,42.1,Luxury
P00114,TechPro Schreibtisch,Büro,TechPro,65.45,33.79,3.47,True,2023-08-04,114,31.66,48.4,Mid-Range
P00115,SmartGear Aktenvernichter,Büro,SmartGear,33.73,14.79,3.45,True,2023-09-02,115,18.94,56.2,Mid-Range
P00116,FitLife Whiteboard,Büro,FitLife,484.41,263.21,10.94,True,2024-04-18,116,221.2,45.7,Luxury
P00117,HomePlus Aktenvernichter,Büro,HomePlus,39.16,18.76,1.07,True,2023-05-27,117,20.4,52.1,Mid-Range
P00118,SportMax Bürostuhl,Büro,SportMax,336.16,146.18,8.37,True,2023-08-18,118,189.98,56.5,Luxury
P00119,HomePlus Bürostuhl,Büro,HomePlus,450.47,212.97,5.36,True,2024-01-23,119,237.5,52.7,Luxury
P00120,UrbanWear Bürostuhl,Büro,UrbanWear,127.08,70.24,13.33,True,2023-10-17,120,56.84,44.7,Premium
P00121,FitLife Uhr,Mode,FitLife,269.36,187.01,8.34,False,2023-12-20,121,82.35,30.6,Luxury
P00122,EcoHome Tasche,Mode,EcoHome,311.1,158.43,3.23,True,2023-05-19,122,152.67,49.1,Luxury
P00123,SportMax Tasche,Mode,SportMax,253.66,131.44,9.21,False,2023-12-18,123,122.22,48.2,Luxury
P00124,FitLife Uhr,Mode,FitLife,296.11,196.37,13.03,True,2023-09-06,124,99.74,33.7,Luxury
P00125,UrbanWear Hemd,Mode,UrbanWear,285.52,170.0,2.4,True,2024-03-12,125,115.52,40.5,Luxury
P00126,SportMax Uhr,Mode,SportMax,179.46,110.0,0.81,True,2023-04-14,126,69.46,38.7,Premium
P00127,TechPro Uhr,Mode,TechPro,400.71,236.11,8.85,True,2023-06-03,127,164.6,41.1,Luxury
P00128,DeskMaster Hemd,Mode,DeskMaster,255.43,161.29,0.13,True,2023-06-25,128,94.14,36.9,Luxury
P00129,OfficeLine Uhr,Mode,OfficeLine,400.17,184.37,14.39,True,2023-05-11,129,215.8,53.9,Luxury
P00130,DeskMaster Jacke,Mode,DeskMaster,339.63,200.3,3.56,True,2024-04-02,130,139.33,41.0,Luxury
P00131,DeskMaster Uhr,Mode,DeskMaster,179.38,115.85,2.05,True,2023-11-17,131,63.53,35.4,Premium
P00132,SmartGear Hemd,Mode,SmartGear,184.12,115.83,1.54,True,2023-03-11,132,68.29,37.1,Premium
P00133,UrbanWear Schuhe,Mode,UrbanWear,303.67,181.4,1.05,True,2023-12-02,133,122.27,40.3,Luxury
P00134,HomePlus Schuhe,Mode,HomePlus,391.65,194.4,5.41,True,2024-02-25,134,197.25,50.4,Luxury
P00135,SportMax Schuhe,Mode,SportMax,90.61,55.88,10.86,True,2023-01-04,135,34.73,38.3,Mid-Range
P00136,SportMax Hemd,Mode,SportMax,478.0,209.64,10.49,True,2024-03-27,136,268.36,56.1,Luxury
P00137,DeskMaster Jacke,Mode,DeskMaster,66.63,46.02,3.07,True,2023-10-20,137,20.61,30.9,Mid-Range
P00138,HomePlus Uhr,Mode,HomePlus,260.75,179.89,8.67,True,2023-08-01,138,80.86,31.0,Luxury
P00139,FitLife Tasche,Mode,FitLife,429.48,232.53,13.04,True,2023-08-10,139,196.95,45.9,Luxury
P00140,EcoHome Tasche,Mode,EcoHome,343.34,206.87,14.69,True,2023-07-08,140,136.47,39.7,Luxury
P00141,StyleWorks Jacke,Mode,StyleWorks,65.67,35.12,4.38,True,2024-01-09,141,30.55,46.5,Mid-Range
P00142,SportMax Tasche,Mode,SportMax,308.96,211.6,5.16,True,2023-01-17,142,97.36,31.5,Luxury
P00143,DeskMaster Hemd,Mode,DeskMaster,110.2,50.86,9.72,True,2023-11-02,143,59.34,53.8,Premium
P00144,HomePlus Hemd,Mode,HomePlus,316.75,182.31,4.29,True,2023-12-07,144,134.44,42.4,Luxury
P00145,SportMax Schuhe,Mode,SportMax,419.27,218.66,14.43,True,2023-01-18,145,200.61,47.8,Luxury
P00146,SportMax Uhr,Mode,SportMax,202.84,117.66,7.75,True,2023-01-19,146,85.18,42.0,Premium
P00147,TechPro Tasche,Mode,TechPro,412.33,174.81,12.85,True,2023-06-07,147,237.52,57.6,Luxury
P00148,SmartGear Schuhe,Mode,SmartGear,248.55,139.04,4.61,True,2023-12-04,148,109.51,44.1,Premium
P00149,EcoHome Schuhe,Mode,EcoHome,166.52,92.3,8.87,True,2023-04-26,149,74.22,44.6,Premium
P00150,SmartGear Tasche,Mode,SmartGear,160.49,71.92,9.75,True,2024-03-20,150,88.57,55.2,Premium
